iter	MultiClass
0	1.152445095
1	1.021785728
