iter	MultiClass
0	1.235621885
1	1.138984143
2	1.083387461
3	1.053677433
4	1.049453927
