iter	MultiClass
0	1.259088466
1	1.240524274
2	1.119199659
3	1.082631493
4	1.05278932
