iter	MultiClass
0	0.9977706616
1	0.8114758971
2	0.7049420892
3	0.5930222078
4	0.5183112179
